CUSTOMER;XCOORD;YCOORD;DEMAND
1;42.352345;10.245678;0
2;41.987654;12.098765;19
3;43.123456;6.56789;5
4;45.098765;15.432109;3
5;40.876543;9.876543;11
6;42.56789;7.890123;5
7;44.210987;17.654321;8
8;41.432109;13.210987;17
9;43.890123;8.432109;3
10;40.345678;11.123456;5
